sourceTypeID,modelYearID,fuelTypeID,engTechID,fuelEngFraction
11,1960,1,1,1
11,1961,1,1,1
11,1962,1,1,1
11,1963,1,1,1
11,1964,1,1,1
11,1965,1,1,1
11,1966,1,1,1
11,1967,1,1,1
11,1968,1,1,1
11,1969,1,1,1
11,1970,1,1,1
11,1971,1,1,1
11,1972,1,1,1
11,1973,1,1,1
11,1974,1,1,1
11,1975,1,1,1
11,1976,1,1,1
11,1977,1,1,1
11,1978,1,1,1
11,1979,1,1,1
11,1980,1,1,1
11,1981,1,1,1
11,1982,1,1,1
11,1983,1,1,1
11,1984,1,1,1
11,1985,1,1,1
11,1986,1,1,1
11,1987,1,1,1
11,1988,1,1,1
11,1989,1,1,1
11,1990,1,1,1
11,1991,1,1,1
11,1992,1,1,1
11,1993,1,1,1
11,1994,1,1,1
11,1995,1,1,1
11,1996,1,1,1
11,1997,1,1,1
11,1998,1,1,1
11,1999,1,1,1
11,2000,1,1,1
11,2001,1,1,1
11,2002,1,1,1
11,2003,1,1,1
11,2004,1,1,1
11,2005,1,1,1
11,2006,1,1,1
11,2007,1,1,1
11,2008,1,1,1
11,2009,1,1,1
11,2010,1,1,1
11,2011,1,1,1
11,2012,1,1,1
11,2013,1,1,1
11,2014,1,1,1
11,2015,1,1,1
11,2016,1,1,1
11,2017,1,1,1
11,2018,1,1,1
11,2019,1,1,1
11,2020,1,1,1
11,2021,1,1,1
11,2022,1,1,1
11,2023,1,1,1
11,2024,1,1,1
11,2025,1,1,1
11,2026,1,1,1
11,2027,1,1,1
11,2028,1,1,1
11,2029,1,1,1
11,2030,1,1,1
11,2031,1,1,1
11,2032,1,1,1
11,2033,1,1,1
11,2034,1,1,1
11,2035,1,1,1
11,2036,1,1,1
11,2037,1,1,1
11,2038,1,1,1
11,2039,1,1,1
11,2040,1,1,1
11,2041,1,1,1
11,2042,1,1,1
11,2043,1,1,1
11,2044,1,1,1
11,2045,1,1,1
11,2046,1,1,1
11,2047,1,1,1
11,2048,1,1,1
11,2049,1,1,1
11,2050,1,1,1
21,1960,1,1,0.993123089
21,1960,2,1,0.006876911
21,1960,5,1,0.000000000000001
21,1960,9,30,0.000000000000001
21,1961,1,1,0.993123089
21,1961,2,1,0.006876911
21,1961,5,1,0.000000000000001
21,1961,9,30,0.000000000000001
21,1962,1,1,0.993123089
21,1962,2,1,0.006876911
21,1962,5,1,0.000000000000001
21,1962,9,30,0.000000000000001
21,1963,1,1,0.993123089
21,1963,2,1,0.006876911
21,1963,5,1,0.000000000000001
21,1963,9,30,0.000000000000001
21,1964,1,1,0.993123089
21,1964,2,1,0.006876911
21,1964,5,1,0.000000000000001
21,1964,9,30,0.000000000000001
21,1965,1,1,0.993123089
21,1965,2,1,0.006876911
21,1965,5,1,0.000000000000001
21,1965,9,30,0.000000000000001
21,1966,1,1,0.993123089
21,1966,2,1,0.006876911
21,1966,5,1,0.000000000000001
21,1966,9,30,0.000000000000001
21,1967,1,1,0.993123089
21,1967,2,1,0.006876911
21,1967,5,1,0.000000000000001
21,1967,9,30,0.000000000000001
21,1968,1,1,0.993123089
21,1968,2,1,0.006876911
21,1968,5,1,0.000000000000001
21,1968,9,30,0.000000000000001
21,1969,1,1,0.993123089
21,1969,2,1,0.006876911
21,1969,5,1,0.000000000000001
21,1969,9,30,0.000000000000001
21,1970,1,1,0.993123089
21,1970,2,1,0.006876911
21,1970,5,1,0.000000000000001
21,1970,9,30,0.000000000000001
21,1971,1,1,0.993123089
21,1971,2,1,0.006876911
21,1971,5,1,0.000000000000001
21,1971,9,30,0.000000000000001
21,1972,1,1,0.993123089
21,1972,2,1,0.006876911
21,1972,5,1,0.000000000000001
21,1972,9,30,0.000000000000001
21,1973,1,1,0.993123089
21,1973,2,1,0.006876911
21,1973,5,1,0.000000000000001
21,1973,9,30,0.000000000000001
21,1974,1,1,0.993123089
21,1974,2,1,0.006876911
21,1974,5,1,0.000000000000001
21,1974,9,30,0.000000000000001
21,1975,1,1,0.981979805
21,1975,2,1,0.018020195
21,1975,5,1,0.000000000000001
21,1975,9,30,0.000000000000001
21,1976,1,1,0.983491195
21,1976,2,1,0.016508805
21,1976,5,1,0.000000000000001
21,1976,9,30,0.000000000000001
21,1977,1,1,0.987068296
21,1977,2,1,0.012931704
21,1977,5,1,0.000000000000001
21,1977,9,30,0.000000000000001
21,1978,1,1,0.984942704
21,1978,2,1,0.015057296
21,1978,5,1,0.000000000000001
21,1978,9,30,0.000000000000001
21,1979,1,1,0.968833708
21,1979,2,1,0.031166292
21,1979,5,1,0.000000000000001
21,1979,9,30,0.000000000000001
21,1980,1,1,0.953329287
21,1980,2,1,0.046670713
21,1980,5,1,0.000000000000001
21,1980,9,30,0.000000000000001
21,1981,1,1,0.923598274
21,1981,2,1,0.076401726
21,1981,5,1,0.000000000000001
21,1981,9,30,0.000000000000001
21,1982,1,1,0.893278136
21,1982,2,1,0.106721864
21,1982,5,1,0.000000000000001
21,1982,9,30,0.000000000000001
21,1983,1,1,0.922683485
21,1983,2,1,0.077316515
21,1983,5,1,0.000000000000001
21,1983,9,30,0.000000000000001
21,1984,1,1,0.955646181
21,1984,2,1,0.044353819
21,1984,5,1,0.000000000000001
21,1984,9,30,0.000000000000001
21,1985,1,1,0.966250914
21,1985,2,1,0.033749086
21,1985,5,1,0.000000000000001
21,1985,9,30,0.000000000000001
21,1986,1,1,0.991117689
21,1986,2,1,0.008882311
21,1986,5,1,0.000000000000001
21,1986,9,30,0.000000000000001
21,1987,1,1,0.987233064
21,1987,2,1,0.012766936
21,1987,5,1,0.000000000000001
21,1987,9,30,0.000000000000001
21,1988,1,1,0.999740009
21,1988,2,1,0.000259991
21,1988,5,1,0.000000000000001
21,1988,9,30,0.000000000000001
21,1989,1,1,0.999089361
21,1989,2,1,0.000910639
21,1989,5,1,0.000000000000001
21,1989,9,30,0.000000000000001
21,1990,1,1,0.998935964
21,1990,2,1,0.001064036
21,1990,5,1,0.000000000000001
21,1990,9,30,0.000000000000001
21,1991,1,1,0.997176674
21,1991,2,1,0.002823326
21,1991,5,1,0.000000000000001
21,1991,9,30,0.000000000000001
21,1992,1,1,0.998834703
21,1992,2,1,0.001165297
21,1992,5,1,0.000000000000001
21,1992,9,30,0.000000000000001
21,1993,1,1,0.999308276
21,1993,2,1,0.000691724
21,1993,5,1,0.000000000000001
21,1993,9,30,0.000000000000001
21,1994,1,1,0.999849895
21,1994,2,1,0.000150105
21,1994,5,1,0.000000000000001
21,1994,9,30,0.000000000000001
21,1995,1,1,0.99905736
21,1995,2,1,0.00094264
21,1995,5,1,0.000000000000001
21,1995,9,30,0.000000000000001
21,1996,1,1,0.998756776
21,1996,2,1,0.001243224
21,1996,5,1,0.000000000000001
21,1996,9,30,0.000000000000001
21,1997,1,1,0.999092613
21,1997,2,1,0.000907387
21,1997,5,1,0.000000000000001
21,1997,9,30,0.000000000000001
21,1998,1,1,0.988774032
21,1998,2,1,0.00220741
21,1998,5,1,0.009018558
21,1998,9,30,0.000000000000001
21,1999,1,1,0.981177294
21,1999,2,1,0.001878666
21,1999,5,1,0.01694404
21,1999,9,30,0.000000000000001
21,2000,1,1,0.97554235
21,2000,2,1,0.00257312
21,2000,5,1,0.02188453
21,2000,9,30,0.000000000000001
21,2001,1,1,0.974027877
21,2001,2,1,0.002976469
21,2001,5,1,0.022995654
21,2001,9,30,0.000000000000001
21,2002,1,1,0.962321715
21,2002,2,1,0.004305575
21,2002,5,1,0.03337271
21,2002,9,30,0.000000000000001
21,2003,1,1,0.960066352
21,2003,2,1,0.003920335
21,2003,5,1,0.036013313
21,2003,9,30,0.000000000000001
21,2004,1,1,0.967151757
21,2004,2,1,0.003106393
21,2004,5,1,0.029741849
21,2004,9,30,0.000000000000001
21,2005,1,1,0.964805199
21,2005,2,1,0.004790385
21,2005,5,1,0.030404416
21,2005,9,30,0.000000000000001
21,2006,1,1,0.958769905
21,2006,2,1,0.006891759
21,2006,5,1,0.034338336
21,2006,9,30,0.000000000000001
21,2007,1,1,0.963121386
21,2007,2,1,0.000342332
21,2007,5,1,0.036536282
21,2007,9,30,0.000000000000001
21,2008,1,1,0.948716509
21,2008,2,1,0.000533532
21,2008,5,1,0.050749959
21,2008,9,30,0.000000000000001
21,2009,1,1,0.948159185
21,2009,2,1,0.007367972
21,2009,5,1,0.044472842
21,2009,9,30,0.000000000000001
21,2010,1,1,0.935790663
21,2010,2,1,0.01012272
21,2010,5,1,0.054086617
21,2010,9,30,0.000000000000001
21,2011,1,1,0.913843364
21,2011,2,1,0.011745962
21,2011,5,1,0.074410674
21,2011,9,30,0.000000000000001
21,2012,1,1,0.895682295
21,2012,2,1,0.011745962
21,2012,5,1,0.092571743
21,2012,9,30,0.000000000000001
21,2013,1,1,0.937279596
21,2013,2,1,0.011745962
21,2013,5,1,0.050974443
21,2013,9,30,0.000000000000001
21,2014,1,1,0.93746439
21,2014,2,1,0.011745962
21,2014,5,1,0.050789648
21,2014,9,30,0.000000000000001
21,2015,1,1,0.937289164
21,2015,2,1,0.011745962
21,2015,5,1,0.050964874
21,2015,9,30,0.000000000000001
21,2016,1,1,0.937234529
21,2016,2,1,0.011745962
21,2016,5,1,0.051019509
21,2016,9,30,0.000000000000001
21,2017,1,1,0.937115854
21,2017,2,1,0.011745962
21,2017,5,1,0.051138185
21,2017,9,30,0.000000000000001
21,2018,1,1,0.936412528
21,2018,2,1,0.011745962
21,2018,5,1,0.05184151
21,2018,9,30,0.000000000000001
21,2019,1,1,0.935253486
21,2019,2,1,0.011745962
21,2019,5,1,0.053000552
21,2019,9,30,0.000000000000001
21,2020,1,1,0.936415019
21,2020,2,1,0.011745962
21,2020,5,1,0.05183902
21,2020,9,30,0.000000000000001
21,2021,1,1,0.935945215
21,2021,2,1,0.011745962
21,2021,5,1,0.052308823
21,2021,9,30,0.000000000000001
21,2022,1,1,0.934551941
21,2022,2,1,0.011745962
21,2022,5,1,0.053702097
21,2022,9,30,0.000000000000001
21,2023,1,1,0.935968351
21,2023,2,1,0.011745962
21,2023,5,1,0.052285687
21,2023,9,30,0.000000000000001
21,2024,1,1,0.936511482
21,2024,2,1,0.011745962
21,2024,5,1,0.051742556
21,2024,9,30,0.000000000000001
21,2025,1,1,0.936477874
21,2025,2,1,0.011745962
21,2025,5,1,0.051776164
21,2025,9,30,0.000000000000001
21,2026,1,1,0.93638114
21,2026,2,1,0.011745962
21,2026,5,1,0.051872898
21,2026,9,30,0.000000000000001
21,2027,1,1,0.936139927
21,2027,2,1,0.011745962
21,2027,5,1,0.052114111
21,2027,9,30,0.000000000000001
21,2028,1,1,0.935788012
21,2028,2,1,0.011745962
21,2028,5,1,0.052466026
21,2028,9,30,0.000000000000001
21,2029,1,1,0.935320298
21,2029,2,1,0.011745962
21,2029,5,1,0.05293374
21,2029,9,30,0.000000000000001
21,2030,1,1,0.934850769
21,2030,2,1,0.011745962
21,2030,5,1,0.05340327
21,2030,9,30,0.000000000000001
21,2031,1,1,0.934728261
21,2031,2,1,0.011745962
21,2031,5,1,0.053525778
21,2031,9,30,0.000000000000001
21,2032,1,1,0.935037266
21,2032,2,1,0.011745962
21,2032,5,1,0.053216772
21,2032,9,30,0.000000000000001
21,2033,1,1,0.935509053
21,2033,2,1,0.011745962
21,2033,5,1,0.052744985
21,2033,9,30,0.000000000000001
21,2034,1,1,0.935899838
21,2034,2,1,0.011745962
21,2034,5,1,0.052354201
21,2034,9,30,0.000000000000001
21,2035,1,1,0.936500582
21,2035,2,1,0.011745962
21,2035,5,1,0.051753457
21,2035,9,30,0.000000000000001
21,2036,1,1,0.936788299
21,2036,2,1,0.011745962
21,2036,5,1,0.051465739
21,2036,9,30,0.000000000000001
21,2037,1,1,0.93708943
21,2037,2,1,0.011745962
21,2037,5,1,0.051164609
21,2037,9,30,0.000000000000001
21,2038,1,1,0.937317008
21,2038,2,1,0.011745962
21,2038,5,1,0.05093703
21,2038,9,30,0.000000000000001
21,2039,1,1,0.937338058
21,2039,2,1,0.011745962
21,2039,5,1,0.050915981
21,2039,9,30,0.000000000000001
21,2040,1,1,0.937355697
21,2040,2,1,0.011745962
21,2040,5,1,0.050898341
21,2040,9,30,0.000000000000001
21,2041,1,1,0.937355697
21,2041,2,1,0.011745962
21,2041,5,1,0.050898341
21,2041,9,30,0.000000000000001
21,2042,1,1,0.937355697
21,2042,2,1,0.011745962
21,2042,5,1,0.050898341
21,2042,9,30,0.000000000000001
21,2043,1,1,0.937355697
21,2043,2,1,0.011745962
21,2043,5,1,0.050898341
21,2043,9,30,0.000000000000001
21,2044,1,1,0.937355697
21,2044,2,1,0.011745962
21,2044,5,1,0.050898341
21,2044,9,30,0.000000000000001
21,2045,1,1,0.937355697
21,2045,2,1,0.011745962
21,2045,5,1,0.050898341
21,2045,9,30,0.000000000000001
21,2046,1,1,0.937355697
21,2046,2,1,0.011745962
21,2046,5,1,0.050898341
21,2046,9,30,0.000000000000001
21,2047,1,1,0.937355697
21,2047,2,1,0.011745962
21,2047,5,1,0.050898341
21,2047,9,30,0.000000000000001
21,2048,1,1,0.937355697
21,2048,2,1,0.011745962
21,2048,5,1,0.050898341
21,2048,9,30,0.000000000000001
21,2049,1,1,0.937355697
21,2049,2,1,0.011745962
21,2049,5,1,0.050898341
21,2049,9,30,0.000000000000001
21,2050,1,1,0.937355697
21,2050,2,1,0.011745962
21,2050,5,1,0.050898341
21,2050,9,30,0.000000000000001
31,1960,1,1,0.98608
31,1960,2,1,0.01392
31,1960,5,1,0.000000000000001
31,1960,9,30,0.000000000000001
31,1961,1,1,0.98608
31,1961,2,1,0.01392
31,1961,5,1,0.000000000000001
31,1961,9,30,0.000000000000001
31,1962,1,1,0.98608
31,1962,2,1,0.01392
31,1962,5,1,0.000000000000001
31,1962,9,30,0.000000000000001
31,1963,1,1,0.98608
31,1963,2,1,0.01392
31,1963,5,1,0.000000000000001
31,1963,9,30,0.000000000000001
31,1964,1,1,0.98608
31,1964,2,1,0.01392
31,1964,5,1,0.000000000000001
31,1964,9,30,0.000000000000001
31,1965,1,1,0.98608
31,1965,2,1,0.01392
31,1965,5,1,0.000000000000001
31,1965,9,30,0.000000000000001
31,1966,1,1,0.98608
31,1966,2,1,0.01392
31,1966,5,1,0.000000000000001
31,1966,9,30,0.000000000000001
31,1967,1,1,0.986080003
31,1967,2,1,0.013919997
31,1967,5,1,0.000000000000001
31,1967,9,30,0.000000000000001
31,1968,1,1,0.986080001
31,1968,2,1,0.013919999
31,1968,5,1,0.000000000000001
31,1968,9,30,0.000000000000001
31,1969,1,1,0.98608
31,1969,2,1,0.01392
31,1969,5,1,0.000000000000001
31,1969,9,30,0.000000000000001
31,1970,1,1,0.986079998
31,1970,2,1,0.013920002
31,1970,5,1,0.000000000000001
31,1970,9,30,0.000000000000001
31,1971,1,1,0.986080003
31,1971,2,1,0.013919997
31,1971,5,1,0.000000000000001
31,1971,9,30,0.000000000000001
31,1972,1,1,0.986080003
31,1972,2,1,0.013919997
31,1972,5,1,0.000000000000001
31,1972,9,30,0.000000000000001
31,1973,1,1,0.986079993
31,1973,2,1,0.013920007
31,1973,5,1,0.000000000000001
31,1973,9,30,0.000000000000001
31,1974,1,1,0.986079994
31,1974,2,1,0.013920006
31,1974,5,1,0.000000000000001
31,1974,9,30,0.000000000000001
31,1975,1,1,0.986080007
31,1975,2,1,0.013919993
31,1975,5,1,0.000000000000001
31,1975,9,30,0.000000000000001
31,1976,1,1,0.986080003
31,1976,2,1,0.013919997
31,1976,5,1,0.000000000000001
31,1976,9,30,0.000000000000001
31,1977,1,1,0.986080001
31,1977,2,1,0.013919999
31,1977,5,1,0.000000000000001
31,1977,9,30,0.000000000000001
31,1978,1,1,0.986080001
31,1978,2,1,0.013919999
31,1978,5,1,0.000000000000001
31,1978,9,30,0.000000000000001
31,1979,1,1,0.986080001
31,1979,2,1,0.013919999
31,1979,5,1,0.000000000000001
31,1979,9,30,0.000000000000001
31,1980,1,1,0.987630001
31,1980,2,1,0.012369999
31,1980,5,1,0.000000000000001
31,1980,9,30,0.000000000000001
31,1981,1,1,0.982210006
31,1981,2,1,0.017789994
31,1981,5,1,0.000000000000001
31,1981,9,30,0.000000000000001
31,1982,1,1,0.942711485
31,1982,2,1,0.057288515
31,1982,5,1,0.000000000000001
31,1982,9,30,0.000000000000001
31,1983,1,1,0.971856637
31,1983,2,1,0.028143363
31,1983,5,1,0.000000000000001
31,1983,9,30,0.000000000000001
31,1984,1,1,0.978900566
31,1984,2,1,0.021099434
31,1984,5,1,0.000000000000001
31,1984,9,30,0.000000000000001
31,1985,1,1,0.984402415
31,1985,2,1,0.015597585
31,1985,5,1,0.000000000000001
31,1985,9,30,0.000000000000001
31,1986,1,1,0.985843819
31,1986,2,1,0.014156181
31,1986,5,1,0.000000000000001
31,1986,9,30,0.000000000000001
31,1987,1,1,0.996410733
31,1987,2,1,0.003589267
31,1987,5,1,0.000000000000001
31,1987,9,30,0.000000000000001
31,1988,1,1,0.997397361
31,1988,2,1,0.002602639
31,1988,5,1,0.000000000000001
31,1988,9,30,0.000000000000001
31,1989,1,1,0.992213508
31,1989,2,1,0.007786492
31,1989,5,1,0.000000000000001
31,1989,9,30,0.000000000000001
31,1990,1,1,0.989145498
31,1990,2,1,0.010854502
31,1990,5,1,0.000000000000001
31,1990,9,30,0.000000000000001
31,1991,1,1,0.994154931
31,1991,2,1,0.005845069
31,1991,5,1,0.000000000000001
31,1991,9,30,0.000000000000001
31,1992,1,1,0.984573248
31,1992,2,1,0.015426752
31,1992,5,1,0.000000000000001
31,1992,9,30,0.000000000000001
31,1993,1,1,0.986392337
31,1993,2,1,0.013607663
31,1993,5,1,0.000000000000001
31,1993,9,30,0.000000000000001
31,1994,1,1,0.991401254
31,1994,2,1,0.008598746
31,1994,5,1,0.000000000000001
31,1994,9,30,0.000000000000001
31,1995,1,1,0.994941304
31,1995,2,1,0.005058696
31,1995,5,1,0.000000000000001
31,1995,9,30,0.000000000000001
31,1996,1,1,0.98133015
31,1996,2,1,0.01866985
31,1996,5,1,0.000000000000001
31,1996,9,30,0.000000000000001
31,1997,1,1,0.991562881
31,1997,2,1,0.008437119
31,1997,5,1,0.000000000000001
31,1997,9,30,0.000000000000001
31,1998,1,1,0.970746623
31,1998,2,1,0.007490818
31,1998,5,1,0.02176256
31,1998,9,30,0.000000000000001
31,1999,1,1,0.941615273
31,1999,2,1,0.018712287
31,1999,5,1,0.03967244
31,1999,9,30,0.000000000000001
31,2000,1,1,0.939177753
31,2000,2,1,0.008327041
31,2000,5,1,0.052495206
31,2000,9,30,0.000000000000001
31,2001,1,1,0.936559325
31,2001,2,1,0.01113763
31,2001,5,1,0.052303046
31,2001,9,30,0.000000000000001
31,2002,1,1,0.914944834
31,2002,2,1,0.016587638
31,2002,5,1,0.068467528
31,2002,9,30,0.000000000000001
31,2003,1,1,0.911783881
31,2003,2,1,0.018378673
31,2003,5,1,0.069837446
31,2003,9,30,0.000000000000001
31,2004,1,1,0.929067204
31,2004,2,1,0.018353222
31,2004,5,1,0.052579575
31,2004,9,30,0.000000000000001
31,2005,1,1,0.919686008
31,2005,2,1,0.020742121
31,2005,5,1,0.059571872
31,2005,9,30,0.000000000000001
31,2006,1,1,0.925540381
31,2006,2,1,0.025135681
31,2006,5,1,0.049323938
31,2006,9,30,0.000000000000001
31,2007,1,1,0.855048126
31,2007,2,1,0.019497434
31,2007,5,1,0.125454439
31,2007,9,30,0.000000000000001
31,2008,1,1,0.872994832
31,2008,2,1,0.022912758
31,2008,5,1,0.10409241
31,2008,9,30,0.000000000000001
31,2009,1,1,0.815641467
31,2009,2,1,0.015479957
31,2009,5,1,0.168878576
31,2009,9,30,0.000000000000001
31,2010,1,1,0.794508379
31,2010,2,1,0.012847503
31,2010,5,1,0.192644118
31,2010,9,30,0.000000000000001
31,2011,1,1,0.716429031
31,2011,2,1,0.020019161
31,2011,5,1,0.263551808
31,2011,9,30,0.000000000000001
31,2012,1,1,0.708590927
31,2012,2,1,0.020019161
31,2012,5,1,0.271389912
31,2012,9,30,0.000000000000001
31,2013,1,1,0.773921896
31,2013,2,1,0.020019161
31,2013,5,1,0.206058943
31,2013,9,30,0.000000000000001
31,2014,1,1,0.778927836
31,2014,2,1,0.020019161
31,2014,5,1,0.201053004
31,2014,9,30,0.000000000000001
31,2015,1,1,0.789232628
31,2015,2,1,0.020019161
31,2015,5,1,0.190748212
31,2015,9,30,0.000000000000001
31,2016,1,1,0.791792215
31,2016,2,1,0.020019161
31,2016,5,1,0.188188625
31,2016,9,30,0.000000000000001
31,2017,1,1,0.791461048
31,2017,2,1,0.020019161
31,2017,5,1,0.188519791
31,2017,9,30,0.000000000000001
31,2018,1,1,0.788359623
31,2018,2,1,0.020019161
31,2018,5,1,0.191621216
31,2018,9,30,0.000000000000001
31,2019,1,1,0.783860024
31,2019,2,1,0.020019161
31,2019,5,1,0.196120815
31,2019,9,30,0.000000000000001
31,2020,1,1,0.788322793
31,2020,2,1,0.020019161
31,2020,5,1,0.191658046
31,2020,9,30,0.000000000000001
31,2021,1,1,0.786452696
31,2021,2,1,0.020019161
31,2021,5,1,0.193528143
31,2021,9,30,0.000000000000001
31,2022,1,1,0.780729039
31,2022,2,1,0.020019161
31,2022,5,1,0.1992518
31,2022,9,30,0.000000000000001
31,2023,1,1,0.78618571
31,2023,2,1,0.020019161
31,2023,5,1,0.193795129
31,2023,9,30,0.000000000000001
31,2024,1,1,0.788275027
31,2024,2,1,0.020019161
31,2024,5,1,0.191705812
31,2024,9,30,0.000000000000001
31,2025,1,1,0.787857874
31,2025,2,1,0.020019161
31,2025,5,1,0.192122965
31,2025,9,30,0.000000000000001
31,2026,1,1,0.787333977
31,2026,2,1,0.020019161
31,2026,5,1,0.192646862
31,2026,9,30,0.000000000000001
31,2027,1,1,0.786180457
31,2027,2,1,0.020019161
31,2027,5,1,0.193800382
31,2027,9,30,0.000000000000001
31,2028,1,1,0.784677348
31,2028,2,1,0.020019161
31,2028,5,1,0.195303491
31,2028,9,30,0.000000000000001
31,2029,1,1,0.782718481
31,2029,2,1,0.020019161
31,2029,5,1,0.197262358
31,2029,9,30,0.000000000000001
31,2030,1,1,0.780811395
31,2030,2,1,0.020019161
31,2030,5,1,0.199169444
31,2030,9,30,0.000000000000001
31,2031,1,1,0.780258256
31,2031,2,1,0.020019161
31,2031,5,1,0.199722583
31,2031,9,30,0.000000000000001
31,2032,1,1,0.781387562
31,2032,2,1,0.020019161
31,2032,5,1,0.198593278
31,2032,9,30,0.000000000000001
31,2033,1,1,0.783204379
31,2033,2,1,0.020019161
31,2033,5,1,0.196776461
31,2033,9,30,0.000000000000001
31,2034,1,1,0.784759618
31,2034,2,1,0.020019161
31,2034,5,1,0.195221221
31,2034,9,30,0.000000000000001
31,2035,1,1,0.787118683
31,2035,2,1,0.020019161
31,2035,5,1,0.192862156
31,2035,9,30,0.000000000000001
31,2036,1,1,0.78813566
31,2036,2,1,0.020019161
31,2036,5,1,0.191845179
31,2036,9,30,0.000000000000001
31,2037,1,1,0.789231429
31,2037,2,1,0.020019161
31,2037,5,1,0.19074941
31,2037,9,30,0.000000000000001
31,2038,1,1,0.790072033
31,2038,2,1,0.020019161
31,2038,5,1,0.189908806
31,2038,9,30,0.000000000000001
31,2039,1,1,0.790080453
31,2039,2,1,0.020019161
31,2039,5,1,0.189900386
31,2039,9,30,0.000000000000001
31,2040,1,1,0.790084875
31,2040,2,1,0.020019161
31,2040,5,1,0.189895964
31,2040,9,30,0.000000000000001
31,2041,1,1,0.790084875
31,2041,2,1,0.020019161
31,2041,5,1,0.189895964
31,2041,9,30,0.000000000000001
31,2042,1,1,0.790084875
31,2042,2,1,0.020019161
31,2042,5,1,0.189895964
31,2042,9,30,0.000000000000001
31,2043,1,1,0.790084875
31,2043,2,1,0.020019161
31,2043,5,1,0.189895964
31,2043,9,30,0.000000000000001
31,2044,1,1,0.790084875
31,2044,2,1,0.020019161
31,2044,5,1,0.189895964
31,2044,9,30,0.000000000000001
31,2045,1,1,0.790084875
31,2045,2,1,0.020019161
31,2045,5,1,0.189895964
31,2045,9,30,0.000000000000001
31,2046,1,1,0.790084875
31,2046,2,1,0.020019161
31,2046,5,1,0.189895964
31,2046,9,30,0.000000000000001
31,2047,1,1,0.790084875
31,2047,2,1,0.020019161
31,2047,5,1,0.189895964
31,2047,9,30,0.000000000000001
31,2048,1,1,0.790084875
31,2048,2,1,0.020019161
31,2048,5,1,0.189895964
31,2048,9,30,0.000000000000001
31,2049,1,1,0.790084875
31,2049,2,1,0.020019161
31,2049,5,1,0.189895964
31,2049,9,30,0.000000000000001
31,2050,1,1,0.790084875
31,2050,2,1,0.020019161
31,2050,5,1,0.189895964
31,2050,9,30,0.000000000000001
32,1960,1,1,0.95815003
32,1960,2,1,0.04184997
32,1960,5,1,0.000000000000001
32,1960,9,30,0.000000000000001
32,1961,1,1,0.95815003
32,1961,2,1,0.04184997
32,1961,5,1,0.000000000000001
32,1961,9,30,0.000000000000001
32,1962,1,1,0.95815003
32,1962,2,1,0.04184997
32,1962,5,1,0.000000000000001
32,1962,9,30,0.000000000000001
32,1963,1,1,0.95815003
32,1963,2,1,0.04184997
32,1963,5,1,0.000000000000001
32,1963,9,30,0.000000000000001
32,1964,1,1,0.95815003
32,1964,2,1,0.04184997
32,1964,5,1,0.000000000000001
32,1964,9,30,0.000000000000001
32,1965,1,1,0.95815003
32,1965,2,1,0.04184997
32,1965,5,1,0.000000000000001
32,1965,9,30,0.000000000000001
32,1966,1,1,0.95815003
32,1966,2,1,0.04184997
32,1966,5,1,0.000000000000001
32,1966,9,30,0.000000000000001
32,1967,1,1,0.958149962
32,1967,2,1,0.041850038
32,1967,5,1,0.000000000000001
32,1967,9,30,0.000000000000001
32,1968,1,1,0.958149986
32,1968,2,1,0.041850014
32,1968,5,1,0.000000000000001
32,1968,9,30,0.000000000000001
32,1969,1,1,0.958150013
32,1969,2,1,0.041849987
32,1969,5,1,0.000000000000001
32,1969,9,30,0.000000000000001
32,1970,1,1,0.958150018
32,1970,2,1,0.041849982
32,1970,5,1,0.000000000000001
32,1970,9,30,0.000000000000001
32,1971,1,1,0.958149985
32,1971,2,1,0.041850015
32,1971,5,1,0.000000000000001
32,1971,9,30,0.000000000000001
32,1972,1,1,0.958149997
32,1972,2,1,0.041850003
32,1972,5,1,0.000000000000001
32,1972,9,30,0.000000000000001
32,1973,1,1,0.958150005
32,1973,2,1,0.041849995
32,1973,5,1,0.000000000000001
32,1973,9,30,0.000000000000001
32,1974,1,1,0.958149974
32,1974,2,1,0.041850026
32,1974,5,1,0.000000000000001
32,1974,9,30,0.000000000000001
32,1975,1,1,0.958150001
32,1975,2,1,0.041849999
32,1975,5,1,0.000000000000001
32,1975,9,30,0.000000000000001
32,1976,1,1,0.958150018
32,1976,2,1,0.041849982
32,1976,5,1,0.000000000000001
32,1976,9,30,0.000000000000001
32,1977,1,1,0.958149991
32,1977,2,1,0.041850009
32,1977,5,1,0.000000000000001
32,1977,9,30,0.000000000000001
32,1978,1,1,0.958149996
32,1978,2,1,0.041850004
32,1978,5,1,0.000000000000001
32,1978,9,30,0.000000000000001
32,1979,1,1,0.958150008
32,1979,2,1,0.041849992
32,1979,5,1,0.000000000000001
32,1979,9,30,0.000000000000001
32,1980,1,1,0.89311994
32,1980,2,1,0.10688006
32,1980,5,1,0.000000000000001
32,1980,9,30,0.000000000000001
32,1981,1,1,0.929359999
32,1981,2,1,0.070640001
32,1981,5,1,0.000000000000001
32,1981,9,30,0.000000000000001
32,1982,1,1,0.891559041
32,1982,2,1,0.108440959
32,1982,5,1,0.000000000000001
32,1982,9,30,0.000000000000001
32,1983,1,1,0.933293541
32,1983,2,1,0.066706459
32,1983,5,1,0.000000000000001
32,1983,9,30,0.000000000000001
32,1984,1,1,0.948174012
32,1984,2,1,0.051825988
32,1984,5,1,0.000000000000001
32,1984,9,30,0.000000000000001
32,1985,1,1,0.957569054
32,1985,2,1,0.042430946
32,1985,5,1,0.000000000000001
32,1985,9,30,0.000000000000001
32,1986,1,1,0.956498355
32,1986,2,1,0.043501645
32,1986,5,1,0.000000000000001
32,1986,9,30,0.000000000000001
32,1987,1,1,0.986228124
32,1987,2,1,0.013771876
32,1987,5,1,0.000000000000001
32,1987,9,30,0.000000000000001
32,1988,1,1,0.952063139
32,1988,2,1,0.047936861
32,1988,5,1,0.000000000000001
32,1988,9,30,0.000000000000001
32,1989,1,1,0.976238136
32,1989,2,1,0.023761864
32,1989,5,1,0.000000000000001
32,1989,9,30,0.000000000000001
32,1990,1,1,0.984399412
32,1990,2,1,0.015600588
32,1990,5,1,0.000000000000001
32,1990,9,30,0.000000000000001
32,1991,1,1,0.936987587
32,1991,2,1,0.063012413
32,1991,5,1,0.000000000000001
32,1991,9,30,0.000000000000001
32,1992,1,1,0.95122002
32,1992,2,1,0.04877998
32,1992,5,1,0.000000000000001
32,1992,9,30,0.000000000000001
32,1993,1,1,0.973573711
32,1993,2,1,0.026426289
32,1993,5,1,0.000000000000001
32,1993,9,30,0.000000000000001
32,1994,1,1,0.97427942
32,1994,2,1,0.02572058
32,1994,5,1,0.000000000000001
32,1994,9,30,0.000000000000001
32,1995,1,1,0.931618226
32,1995,2,1,0.068381774
32,1995,5,1,0.000000000000001
32,1995,9,30,0.000000000000001
32,1996,1,1,0.970848884
32,1996,2,1,0.029151116
32,1996,5,1,0.000000000000001
32,1996,9,30,0.000000000000001
32,1997,1,1,0.927021475
32,1997,2,1,0.072978525
32,1997,5,1,0.000000000000001
32,1997,9,30,0.000000000000001
32,1998,1,1,0.928782892
32,1998,2,1,0.050483574
32,1998,5,1,0.020733535
32,1998,9,30,0.000000000000001
32,1999,1,1,0.892741826
32,1999,2,1,0.070555109
32,1999,5,1,0.036703065
32,1999,9,30,0.000000000000001
32,2000,1,1,0.902061553
32,2000,2,1,0.050773974
32,2000,5,1,0.047164473
32,2000,9,30,0.000000000000001
32,2001,1,1,0.864197217
32,2001,2,1,0.092295638
32,2001,5,1,0.043507145
32,2001,9,30,0.000000000000001
32,2002,1,1,0.892260175
32,2002,2,1,0.044335906
32,2002,5,1,0.063403919
32,2002,9,30,0.000000000000001
32,2003,1,1,0.886711547
32,2003,2,1,0.049107286
32,2003,5,1,0.064181167
32,2003,9,30,0.000000000000001
32,2004,1,1,0.903082546
32,2004,2,1,0.04878506
32,2004,5,1,0.048132394
32,2004,9,30,0.000000000000001
32,2005,1,1,0.891763575
32,2005,2,1,0.053577869
32,2005,5,1,0.054658556
32,2005,9,30,0.000000000000001
32,2006,1,1,0.89342941
32,2006,2,1,0.062001362
32,2006,5,1,0.044569228
32,2006,9,30,0.000000000000001
32,2007,1,1,0.831468157
32,2007,2,1,0.052103993
32,2007,5,1,0.11642785
32,2007,9,30,0.000000000000001
32,2008,1,1,0.845132883
32,2008,2,1,0.059449149
32,2008,5,1,0.095417968
32,2008,9,30,0.000000000000001
32,2009,1,1,0.796633942
32,2009,2,1,0.044576125
32,2009,5,1,0.158789934
32,2009,9,30,0.000000000000001
32,2010,1,1,0.77879619
32,2010,2,1,0.03793097
32,2010,5,1,0.18327284
32,2010,9,30,0.000000000000001
32,2011,1,1,0.702365696
32,2011,2,1,0.053085086
32,2011,5,1,0.244549218
32,2011,9,30,0.000000000000001
32,2012,1,1,0.695092734
32,2012,2,1,0.053085086
32,2012,5,1,0.25182218
32,2012,9,30,0.000000000000001
32,2013,1,1,0.755713215
32,2013,2,1,0.053085086
32,2013,5,1,0.191201699
32,2013,9,30,0.000000000000001
32,2014,1,1,0.760358217
32,2014,2,1,0.053085086
32,2014,5,1,0.186556697
32,2014,9,30,0.000000000000001
32,2015,1,1,0.769920014
32,2015,2,1,0.053085086
32,2015,5,1,0.1769949
32,2015,9,30,0.000000000000001
32,2016,1,1,0.77229505
32,2016,2,1,0.053085086
32,2016,5,1,0.174619865
32,2016,9,30,0.000000000000001
32,2017,1,1,0.771987761
32,2017,2,1,0.053085086
32,2017,5,1,0.174927153
32,2017,9,30,0.000000000000001
32,2018,1,1,0.769109955
32,2018,2,1,0.053085086
32,2018,5,1,0.177804959
32,2018,9,30,0.000000000000001
32,2019,1,1,0.764934786
32,2019,2,1,0.053085086
32,2019,5,1,0.181980129
32,2019,9,30,0.000000000000001
32,2020,1,1,0.76907578
32,2020,2,1,0.053085086
32,2020,5,1,0.177839134
32,2020,9,30,0.000000000000001
32,2021,1,1,0.767340521
32,2021,2,1,0.053085086
32,2021,5,1,0.179574394
32,2021,9,30,0.000000000000001
32,2022,1,1,0.76202955
32,2022,2,1,0.053085086
32,2022,5,1,0.184885364
32,2022,9,30,0.000000000000001
32,2023,1,1,0.767092784
32,2023,2,1,0.053085086
32,2023,5,1,0.17982213
32,2023,9,30,0.000000000000001
32,2024,1,1,0.769031458
32,2024,2,1,0.053085086
32,2024,5,1,0.177883456
32,2024,9,30,0.000000000000001
32,2025,1,1,0.768644383
32,2025,2,1,0.053085086
32,2025,5,1,0.178270532
32,2025,9,30,0.000000000000001
32,2026,1,1,0.768158259
32,2026,2,1,0.053085086
32,2026,5,1,0.178756655
32,2026,9,30,0.000000000000001
32,2027,1,1,0.767087911
32,2027,2,1,0.053085086
32,2027,5,1,0.179827004
32,2027,9,30,0.000000000000001
32,2028,1,1,0.765693179
32,2028,2,1,0.053085086
32,2028,5,1,0.181221736
32,2028,9,30,0.000000000000001
32,2029,1,1,0.76387555
32,2029,2,1,0.053085086
32,2029,5,1,0.183039365
32,2029,9,30,0.000000000000001
32,2030,1,1,0.762105968
32,2030,2,1,0.053085086
32,2030,5,1,0.184808946
32,2030,9,30,0.000000000000001
32,2031,1,1,0.761592712
32,2031,2,1,0.053085086
32,2031,5,1,0.185322203
32,2031,9,30,0.000000000000001
32,2032,1,1,0.762640592
32,2032,2,1,0.053085086
32,2032,5,1,0.184274322
32,2032,9,30,0.000000000000001
32,2033,1,1,0.764326413
32,2033,2,1,0.053085086
32,2033,5,1,0.182588501
32,2033,9,30,0.000000000000001
32,2034,1,1,0.765769517
32,2034,2,1,0.053085086
32,2034,5,1,0.181145397
32,2034,9,30,0.000000000000001
32,2035,1,1,0.767958488
32,2035,2,1,0.053085086
32,2035,5,1,0.178956426
32,2035,9,30,0.000000000000001
32,2036,1,1,0.768902139
32,2036,2,1,0.053085086
32,2036,5,1,0.178012775
32,2036,9,30,0.000000000000001
32,2037,1,1,0.769918901
32,2037,2,1,0.053085086
32,2037,5,1,0.176996013
32,2037,9,30,0.000000000000001
32,2038,1,1,0.770698896
32,2038,2,1,0.053085086
32,2038,5,1,0.176216018
32,2038,9,30,0.000000000000001
32,2039,1,1,0.77070671
32,2039,2,1,0.053085086
32,2039,5,1,0.176208205
32,2039,9,30,0.000000000000001
32,2040,1,1,0.770710813
32,2040,2,1,0.053085086
32,2040,5,1,0.176204102
32,2040,9,30,0.000000000000001
32,2041,1,1,0.770710813
32,2041,2,1,0.053085086
32,2041,5,1,0.176204102
32,2041,9,30,0.000000000000001
32,2042,1,1,0.770710813
32,2042,2,1,0.053085086
32,2042,5,1,0.176204102
32,2042,9,30,0.000000000000001
32,2043,1,1,0.770710813
32,2043,2,1,0.053085086
32,2043,5,1,0.176204102
32,2043,9,30,0.000000000000001
32,2044,1,1,0.770710813
32,2044,2,1,0.053085086
32,2044,5,1,0.176204102
32,2044,9,30,0.000000000000001
32,2045,1,1,0.770710813
32,2045,2,1,0.053085086
32,2045,5,1,0.176204102
32,2045,9,30,0.000000000000001
32,2046,1,1,0.770710813
32,2046,2,1,0.053085086
32,2046,5,1,0.176204102
32,2046,9,30,0.000000000000001
32,2047,1,1,0.770710813
32,2047,2,1,0.053085086
32,2047,5,1,0.176204102
32,2047,9,30,0.000000000000001
32,2048,1,1,0.770710813
32,2048,2,1,0.053085086
32,2048,5,1,0.176204102
32,2048,9,30,0.000000000000001
32,2049,1,1,0.770710813
32,2049,2,1,0.053085086
32,2049,5,1,0.176204102
32,2049,9,30,0.000000000000001
32,2050,1,1,0.770710813
32,2050,2,1,0.053085086
32,2050,5,1,0.176204102
32,2050,9,30,0.000000000000001
41,1960,2,1,1
41,1961,2,1,1
41,1962,2,1,1
41,1963,2,1,1
41,1964,2,1,1
41,1965,2,1,1
41,1966,2,1,1
41,1967,2,1,1
41,1968,2,1,1
41,1969,2,1,1
41,1970,2,1,1
41,1971,2,1,1
41,1972,2,1,1
41,1973,2,1,1
41,1974,2,1,1
41,1975,2,1,1
41,1976,2,1,1
41,1977,2,1,1
41,1978,2,1,1
41,1979,2,1,1
41,1980,2,1,1
41,1981,2,1,1
41,1982,2,1,1
41,1983,2,1,1
41,1984,2,1,1
41,1985,2,1,1
41,1986,2,1,1
41,1987,2,1,1
41,1988,2,1,1
41,1989,2,1,1
41,1990,2,1,1
41,1991,2,1,1
41,1992,2,1,1
41,1993,2,1,1
41,1994,2,1,1
41,1995,2,1,1
41,1996,2,1,1
41,1997,2,1,1
41,1998,2,1,1
41,1999,2,1,1
41,2000,2,1,1
41,2001,2,1,1
41,2002,2,1,1
41,2003,2,1,1
41,2004,2,1,1
41,2005,2,1,1
41,2006,2,1,1
41,2007,2,1,1
41,2008,2,1,1
41,2009,2,1,1
41,2010,2,1,1
41,2011,2,1,1
41,2012,2,1,1
41,2013,2,1,1
41,2014,2,1,1
41,2015,2,1,1
41,2016,2,1,1
41,2017,2,1,1
41,2018,2,1,1
41,2019,2,1,1
41,2020,2,1,1
41,2021,2,1,1
41,2022,2,1,1
41,2023,2,1,1
41,2024,2,1,1
41,2025,2,1,1
41,2026,2,1,1
41,2027,2,1,1
41,2028,2,1,1
41,2029,2,1,1
41,2030,2,1,1
41,2031,2,1,1
41,2032,2,1,1
41,2033,2,1,1
41,2034,2,1,1
41,2035,2,1,1
41,2036,2,1,1
41,2037,2,1,1
41,2038,2,1,1
41,2039,2,1,1
41,2040,2,1,1
41,2041,2,1,1
41,2042,2,1,1
41,2043,2,1,1
41,2044,2,1,1
41,2045,2,1,1
41,2046,2,1,1
41,2047,2,1,1
41,2048,2,1,1
41,2049,2,1,1
41,2050,2,1,1
42,1960,1,1,0.009615385
42,1960,2,1,0.990384615
42,1960,3,1,0.000000000000001
42,1961,1,1,0.009615385
42,1961,2,1,0.990384615
42,1961,3,1,0.000000000000001
42,1962,1,1,0.009615385
42,1962,2,1,0.990384615
42,1962,3,1,0.000000000000001
42,1963,1,1,0.009615385
42,1963,2,1,0.990384615
42,1963,3,1,0.000000000000001
42,1964,1,1,0.009615385
42,1964,2,1,0.990384615
42,1964,3,1,0.000000000000001
42,1965,1,1,0.009615385
42,1965,2,1,0.990384615
42,1965,3,1,0.000000000000001
42,1966,1,1,0.009615385
42,1966,2,1,0.990384615
42,1966,3,1,0.000000000000001
42,1967,1,1,0.009615385
42,1967,2,1,0.990384615
42,1967,3,1,0.000000000000001
42,1968,1,1,0.009615385
42,1968,2,1,0.990384615
42,1968,3,1,0.000000000000001
42,1969,1,1,0.009615385
42,1969,2,1,0.990384615
42,1969,3,1,0.000000000000001
42,1970,1,1,0.009615385
42,1970,2,1,0.990384615
42,1970,3,1,0.000000000000001
42,1971,1,1,0.009615385
42,1971,2,1,0.990384615
42,1971,3,1,0.000000000000001
42,1972,1,1,0.009615385
42,1972,2,1,0.990384615
42,1972,3,1,0.000000000000001
42,1973,1,1,0.009615385
42,1973,2,1,0.990384615
42,1973,3,1,0.000000000000001
42,1974,1,1,0.009615385
42,1974,2,1,0.990384615
42,1974,3,1,0.000000000000001
42,1975,1,1,0.009615385
42,1975,2,1,0.990384615
42,1975,3,1,0.000000000000001
42,1976,1,1,0.009615385
42,1976,2,1,0.990384615
42,1976,3,1,0.000000000000001
42,1977,1,1,0.009615385
42,1977,2,1,0.990384615
42,1977,3,1,0.000000000000001
42,1978,1,1,0.009615385
42,1978,2,1,0.990384615
42,1978,3,1,0.000000000000001
42,1979,1,1,0.009615385
42,1979,2,1,0.990384615
42,1979,3,1,0.000000000000001
42,1980,1,1,0.009615385
42,1980,2,1,0.990384615
42,1980,3,1,0.000000000000001
42,1981,1,1,0.008695652
42,1981,2,1,0.991304348
42,1981,3,1,0.000000000000001
42,1982,1,1,0.011320755
42,1982,2,1,0.988679245
42,1982,3,1,0.000000000000001
42,1983,1,1,0.008080808
42,1983,2,1,0.991919192
42,1983,3,1,0.000000000000001
42,1984,1,1,0.00967118
42,1984,2,1,0.99032882
42,1984,3,1,0.000000000000001
42,1985,1,1,0.010447761
42,1985,2,1,0.989552239
42,1985,3,1,0.000000000000001
42,1986,1,1,0.010243278
42,1986,2,1,0.989756722
42,1986,3,1,0.000000000000001
42,1987,1,1,0.009825328
42,1987,2,1,0.990174672
42,1987,3,1,0.000000000000001
42,1988,1,1,0.00999001
42,1988,2,1,0.99000999
42,1988,3,1,0.000000000000001
42,1989,1,1,0.009441385
42,1989,2,1,0.990558615
42,1989,3,1,0.000000000000001
42,1990,1,1,0.010173549
42,1990,2,1,0.982645123
42,1990,3,1,0.007181329
42,1991,1,1,0.009632224
42,1991,2,1,0.971978984
42,1991,3,1,0.018388792
42,1992,1,1,0.009751773
42,1992,2,1,0.944148936
42,1992,3,1,0.046099291
42,1993,1,1,0.009237875
42,1993,2,1,0.914549654
42,1993,3,1,0.076212471
42,1994,1,1,0.010210593
42,1994,2,1,0.904913848
42,1994,3,1,0.084875558
42,1995,1,1,0.010022272
42,1995,2,1,0.836859688
42,1995,3,1,0.15311804
42,1996,1,1,0.009941256
42,1996,2,1,0.892001808
42,1996,3,1,0.098056936
42,1997,1,1,0.009676062
42,1997,2,1,0.816154817
42,1997,3,1,0.174169121
42,1998,1,1,0.009992314
42,1998,2,1,0.840891622
42,1998,3,1,0.149116065
42,1999,1,1,0.009927798
42,1999,2,1,0.877256318
42,1999,3,1,0.112815884
42,2000,1,1,0.008437271
42,2000,2,1,0.915627293
42,2000,3,1,0.075935437
42,2001,1,1,0.008933002
42,2001,2,1,0.904962779
42,2001,3,1,0.086104218
42,2002,1,1,0.008956949
42,2002,2,1,0.891071945
42,2002,3,1,0.099971107
42,2003,1,1,0.009367681
42,2003,2,1,0.880562061
42,2003,3,1,0.110070258
42,2004,1,1,0.008892714
42,2004,2,1,0.868330465
42,2004,3,1,0.122776822
42,2005,1,1,0.010458759
42,2005,2,1,0.856192061
42,2005,3,1,0.13334918
42,2006,1,1,0.011887073
42,2006,2,1,0.847325409
42,2006,3,1,0.140787519
42,2007,1,1,0.012987013
42,2007,2,1,0.83982684
42,2007,3,1,0.147186147
42,2008,1,1,0.015932023
42,2008,2,1,0.829261816
42,2008,3,1,0.15480616
42,2009,1,1,0.019101124
42,2009,2,1,0.825468165
42,2009,3,1,0.155430712
42,2010,1,1,0.021080874
42,2010,2,1,0.81985435
42,2010,3,1,0.159064776
42,2011,1,1,0.024618992
42,2011,2,1,0.817350528
42,2011,3,1,0.158030481
42,2012,1,1,0.024618992
42,2012,2,1,0.817350528
42,2012,3,1,0.158030481
42,2013,1,1,0.024618992
42,2013,2,1,0.817350528
42,2013,3,1,0.158030481
42,2014,1,1,0.024618992
42,2014,2,1,0.817350528
42,2014,3,1,0.158030481
42,2015,1,1,0.024618992
42,2015,2,1,0.817350528
42,2015,3,1,0.158030481
42,2016,1,1,0.024618992
42,2016,2,1,0.817350528
42,2016,3,1,0.158030481
42,2017,1,1,0.024618992
42,2017,2,1,0.817350528
42,2017,3,1,0.158030481
42,2018,1,1,0.024618992
42,2018,2,1,0.817350528
42,2018,3,1,0.158030481
42,2019,1,1,0.024618992
42,2019,2,1,0.817350528
42,2019,3,1,0.158030481
42,2020,1,1,0.024618992
42,2020,2,1,0.817350528
42,2020,3,1,0.158030481
42,2021,1,1,0.024618992
42,2021,2,1,0.817350528
42,2021,3,1,0.158030481
42,2022,1,1,0.024618992
42,2022,2,1,0.817350528
42,2022,3,1,0.158030481
42,2023,1,1,0.024618992
42,2023,2,1,0.817350528
42,2023,3,1,0.158030481
42,2024,1,1,0.024618992
42,2024,2,1,0.817350528
42,2024,3,1,0.158030481
42,2025,1,1,0.024618992
42,2025,2,1,0.817350528
42,2025,3,1,0.158030481
42,2026,1,1,0.024618992
42,2026,2,1,0.817350528
42,2026,3,1,0.158030481
42,2027,1,1,0.024618992
42,2027,2,1,0.817350528
42,2027,3,1,0.158030481
42,2028,1,1,0.024618992
42,2028,2,1,0.817350528
42,2028,3,1,0.158030481
42,2029,1,1,0.024618992
42,2029,2,1,0.817350528
42,2029,3,1,0.158030481
42,2030,1,1,0.024618992
42,2030,2,1,0.817350528
42,2030,3,1,0.158030481
42,2031,1,1,0.024618992
42,2031,2,1,0.817350528
42,2031,3,1,0.158030481
42,2032,1,1,0.024618992
42,2032,2,1,0.817350528
42,2032,3,1,0.158030481
42,2033,1,1,0.024618992
42,2033,2,1,0.817350528
42,2033,3,1,0.158030481
42,2034,1,1,0.024618992
42,2034,2,1,0.817350528
42,2034,3,1,0.158030481
42,2035,1,1,0.024618992
42,2035,2,1,0.817350528
42,2035,3,1,0.158030481
42,2036,1,1,0.024618992
42,2036,2,1,0.817350528
42,2036,3,1,0.158030481
42,2037,1,1,0.024618992
42,2037,2,1,0.817350528
42,2037,3,1,0.158030481
42,2038,1,1,0.024618992
42,2038,2,1,0.817350528
42,2038,3,1,0.158030481
42,2039,1,1,0.024618992
42,2039,2,1,0.817350528
42,2039,3,1,0.158030481
42,2040,1,1,0.024618992
42,2040,2,1,0.817350528
42,2040,3,1,0.158030481
42,2041,1,1,0.024618992
42,2041,2,1,0.817350528
42,2041,3,1,0.158030481
42,2042,1,1,0.024618992
42,2042,2,1,0.817350528
42,2042,3,1,0.158030481
42,2043,1,1,0.024618992
42,2043,2,1,0.817350528
42,2043,3,1,0.158030481
42,2044,1,1,0.024618992
42,2044,2,1,0.817350528
42,2044,3,1,0.158030481
42,2045,1,1,0.024618992
42,2045,2,1,0.817350528
42,2045,3,1,0.158030481
42,2046,1,1,0.024618992
42,2046,2,1,0.817350528
42,2046,3,1,0.158030481
42,2047,1,1,0.024618992
42,2047,2,1,0.817350528
42,2047,3,1,0.158030481
42,2048,1,1,0.024618992
42,2048,2,1,0.817350528
42,2048,3,1,0.158030481
42,2049,1,1,0.024618992
42,2049,2,1,0.817350528
42,2049,3,1,0.158030481
42,2050,1,1,0.024618992
42,2050,2,1,0.817350528
42,2050,3,1,0.158030481
43,1960,1,1,0.940821256
43,1960,2,1,0.059178744
43,1961,1,1,0.940821256
43,1961,2,1,0.059178744
43,1962,1,1,0.940821256
43,1962,2,1,0.059178744
43,1963,1,1,0.940821256
43,1963,2,1,0.059178744
43,1964,1,1,0.940821256
43,1964,2,1,0.059178744
43,1965,1,1,0.940821256
43,1965,2,1,0.059178744
43,1966,1,1,0.940821256
43,1966,2,1,0.059178744
43,1967,1,1,0.940821256
43,1967,2,1,0.059178744
43,1968,1,1,0.940821256
43,1968,2,1,0.059178744
43,1969,1,1,0.940821256
43,1969,2,1,0.059178744
43,1970,1,1,0.940821256
43,1970,2,1,0.059178744
43,1971,1,1,0.940821256
43,1971,2,1,0.059178744
43,1972,1,1,0.940821256
43,1972,2,1,0.059178744
43,1973,1,1,0.940821256
43,1973,2,1,0.059178744
43,1974,1,1,0.940821256
43,1974,2,1,0.059178744
43,1975,1,1,0.940821256
43,1975,2,1,0.059178744
43,1976,1,1,0.940821256
43,1976,2,1,0.059178744
43,1977,1,1,0.940821256
43,1977,2,1,0.059178744
43,1978,1,1,0.940821256
43,1978,2,1,0.059178744
43,1979,1,1,0.940821256
43,1979,2,1,0.059178744
43,1980,1,1,0.940821256
43,1980,2,1,0.059178744
43,1981,1,1,0.735968379
43,1981,2,1,0.264031621
43,1982,1,1,0.674094708
43,1982,2,1,0.325905292
43,1983,1,1,0.675966387
43,1983,2,1,0.324033613
43,1984,1,1,0.615470574
43,1984,2,1,0.384529426
43,1985,1,1,0.484440228
43,1985,2,1,0.515559772
43,1986,1,1,0.326735093
43,1986,2,1,0.673264907
43,1987,1,1,0.265492451
43,1987,2,1,0.734507549
43,1988,1,1,0.249783799
43,1988,2,1,0.750216201
43,1989,1,1,0.229048843
43,1989,2,1,0.770951157
43,1990,1,1,0.124058311
43,1990,2,1,0.875941689
43,1991,1,1,0.089512653
43,1991,2,1,0.910487347
43,1992,1,1,0.010014811
43,1992,2,1,0.989985189
43,1993,1,1,0.120503188
43,1993,2,1,0.879496812
43,1994,1,1,0.147440691
43,1994,2,1,0.852559309
43,1995,1,1,0.114309157
43,1995,2,1,0.885690843
43,1996,1,1,0.041545613
43,1996,2,1,0.958454387
43,1997,1,1,0.010019895
43,1997,2,1,0.989980105
43,1998,1,1,0.009974726
43,1998,2,1,0.990025274
43,1999,1,1,0.00999867
43,1999,2,1,0.99000133
43,2000,1,1,0.010007506
43,2000,2,1,0.989992494
43,2001,1,1,0.010011494
43,2001,2,1,0.989988506
43,2002,1,1,0.01001283
43,2002,2,1,0.98998717
43,2003,1,1,0.009989161
43,2003,2,1,0.990010839
43,2004,1,1,0.010013115
43,2004,2,1,0.989986885
43,2005,1,1,0.009991214
43,2005,2,1,0.990008786
43,2006,1,1,0.00999754
43,2006,2,1,0.99000246
43,2007,1,1,0.010009824
43,2007,2,1,0.989990176
43,2008,1,1,0.01000389
43,2008,2,1,0.98999611
43,2009,1,1,0.009990194
43,2009,2,1,0.990009806
43,2010,1,1,0.010001825
43,2010,2,1,0.989998175
43,2011,1,1,0.010015162
43,2011,2,1,0.989984838
43,2012,1,1,0.010015162
43,2012,2,1,0.989984838
43,2013,1,1,0.010015162
43,2013,2,1,0.989984838
43,2014,1,1,0.010015162
43,2014,2,1,0.989984838
43,2015,1,1,0.010015162
43,2015,2,1,0.989984838
43,2016,1,1,0.010015162
43,2016,2,1,0.989984838
43,2017,1,1,0.010015162
43,2017,2,1,0.989984838
43,2018,1,1,0.010015162
43,2018,2,1,0.989984838
43,2019,1,1,0.010015162
43,2019,2,1,0.989984838
43,2020,1,1,0.010015162
43,2020,2,1,0.989984838
43,2021,1,1,0.010015162
43,2021,2,1,0.989984838
43,2022,1,1,0.010015162
43,2022,2,1,0.989984838
43,2023,1,1,0.010015162
43,2023,2,1,0.989984838
43,2024,1,1,0.010015162
43,2024,2,1,0.989984838
43,2025,1,1,0.010015162
43,2025,2,1,0.989984838
43,2026,1,1,0.010015162
43,2026,2,1,0.989984838
43,2027,1,1,0.010015162
43,2027,2,1,0.989984838
43,2028,1,1,0.010015162
43,2028,2,1,0.989984838
43,2029,1,1,0.010015162
43,2029,2,1,0.989984838
43,2030,1,1,0.010015162
43,2030,2,1,0.989984838
43,2031,1,1,0.010015162
43,2031,2,1,0.989984838
43,2032,1,1,0.010015162
43,2032,2,1,0.989984838
43,2033,1,1,0.010015162
43,2033,2,1,0.989984838
43,2034,1,1,0.010015162
43,2034,2,1,0.989984838
43,2035,1,1,0.010015162
43,2035,2,1,0.989984838
43,2036,1,1,0.010015162
43,2036,2,1,0.989984838
43,2037,1,1,0.010015162
43,2037,2,1,0.989984838
43,2038,1,1,0.010015162
43,2038,2,1,0.989984838
43,2039,1,1,0.010015162
43,2039,2,1,0.989984838
43,2040,1,1,0.010015162
43,2040,2,1,0.989984838
43,2041,1,1,0.010015162
43,2041,2,1,0.989984838
43,2042,1,1,0.010015162
43,2042,2,1,0.989984838
43,2043,1,1,0.010015162
43,2043,2,1,0.989984838
43,2044,1,1,0.010015162
43,2044,2,1,0.989984838
43,2045,1,1,0.010015162
43,2045,2,1,0.989984838
43,2046,1,1,0.010015162
43,2046,2,1,0.989984838
43,2047,1,1,0.010015162
43,2047,2,1,0.989984838
43,2048,1,1,0.010015162
43,2048,2,1,0.989984838
43,2049,1,1,0.010015162
43,2049,2,1,0.989984838
43,2050,1,1,0.010015162
43,2050,2,1,0.989984838
51,1960,1,1,0.040000001
51,1960,2,1,0.959999999
51,1961,1,1,0.040000001
51,1961,2,1,0.959999999
51,1962,1,1,0.040000001
51,1962,2,1,0.959999999
51,1963,1,1,0.040000001
51,1963,2,1,0.959999999
51,1964,1,1,0.040000001
51,1964,2,1,0.959999999
51,1965,1,1,0.040000001
51,1965,2,1,0.959999999
51,1966,1,1,0.040000001
51,1966,2,1,0.959999999
51,1967,1,1,0.040000001
51,1967,2,1,0.959999999
51,1968,1,1,0.040000001
51,1968,2,1,0.959999999
51,1969,1,1,0.040000001
51,1969,2,1,0.959999999
51,1970,1,1,0.040000001
51,1970,2,1,0.959999999
51,1971,1,1,0.040000001
51,1971,2,1,0.959999999
51,1972,1,1,0.040000001
51,1972,2,1,0.959999999
51,1973,1,1,0.040000001
51,1973,2,1,0.959999999
51,1974,1,1,0.040000001
51,1974,2,1,0.959999999
51,1975,1,1,0.040000001
51,1975,2,1,0.959999999
51,1976,1,1,0.040000001
51,1976,2,1,0.959999999
51,1977,1,1,0.040000001
51,1977,2,1,0.959999999
51,1978,1,1,0.040000001
51,1978,2,1,0.959999999
51,1979,1,1,0.040000001
51,1979,2,1,0.959999999
51,1980,1,1,0.040000001
51,1980,2,1,0.959999999
51,1981,1,1,0.040000001
51,1981,2,1,0.959999999
51,1982,1,1,0.090419462
51,1982,2,1,0.909580538
51,1983,1,1,0.099435994
51,1983,2,1,0.900564006
51,1984,1,1,0.054255514
51,1984,2,1,0.945744486
51,1985,1,1,0.051130121
51,1985,2,1,0.948869879
51,1986,1,1,0.062479164
51,1986,2,1,0.937520836
51,1987,1,1,0.106365221
51,1987,2,1,0.893634779
51,1988,1,1,0.106474161
51,1988,2,1,0.893525839
51,1989,1,1,0.029446749
51,1989,2,1,0.970553251
51,1990,1,1,0.203993923
51,1990,2,1,0.796006077
51,1991,1,1,0.101232968
51,1991,2,1,0.898767032
51,1992,1,1,0.210282541
51,1992,2,1,0.789717459
51,1993,1,1,0.031476859
51,1993,2,1,0.968523141
51,1994,1,1,0.105040176
51,1994,2,1,0.894959824
51,1995,1,1,0.009966465
51,1995,2,1,0.990033535
51,1996,1,1,0.012219806
51,1996,2,1,0.987780194
51,1997,1,1,0.019321657
51,1997,2,1,0.980678343
51,1998,1,1,0.403567192
51,1998,2,1,0.596432808
51,1999,1,1,0.168802528
51,1999,2,1,0.831197472
51,2000,1,1,0.002063316
51,2000,2,1,0.997936684
51,2001,1,1,0.006348075
51,2001,2,1,0.993651925
51,2002,1,1,0.005359055
51,2002,2,1,0.994640945
51,2003,1,1,0.004344695
51,2003,2,1,0.995655305
51,2004,1,1,0.004963478
51,2004,2,1,0.995036522
51,2005,1,1,0.002677852
51,2005,2,1,0.997322148
51,2006,1,1,0.002905411
51,2006,2,1,0.997094589
51,2007,1,1,0.001371805
51,2007,2,1,0.998628195
51,2008,1,1,0.005399469
51,2008,2,1,0.994600531
51,2009,1,1,0.001544435
51,2009,2,1,0.998455565
51,2010,1,1,0.00205096
51,2010,2,1,0.99794904
51,2011,1,1,0.003077777
51,2011,2,1,0.996922223
51,2012,1,1,0.003077777
51,2012,2,1,0.996922223
51,2013,1,1,0.003077777
51,2013,2,1,0.996922223
51,2014,1,1,0.003077777
51,2014,2,1,0.996922223
51,2015,1,1,0.003077777
51,2015,2,1,0.996922223
51,2016,1,1,0.003077777
51,2016,2,1,0.996922223
51,2017,1,1,0.003077777
51,2017,2,1,0.996922223
51,2018,1,1,0.003077777
51,2018,2,1,0.996922223
51,2019,1,1,0.003077777
51,2019,2,1,0.996922223
51,2020,1,1,0.003077777
51,2020,2,1,0.996922223
51,2021,1,1,0.003077777
51,2021,2,1,0.996922223
51,2022,1,1,0.003077777
51,2022,2,1,0.996922223
51,2023,1,1,0.003077777
51,2023,2,1,0.996922223
51,2024,1,1,0.003077777
51,2024,2,1,0.996922223
51,2025,1,1,0.003077777
51,2025,2,1,0.996922223
51,2026,1,1,0.003077777
51,2026,2,1,0.996922223
51,2027,1,1,0.003077777
51,2027,2,1,0.996922223
51,2028,1,1,0.003077777
51,2028,2,1,0.996922223
51,2029,1,1,0.003077777
51,2029,2,1,0.996922223
51,2030,1,1,0.003077777
51,2030,2,1,0.996922223
51,2031,1,1,0.003077777
51,2031,2,1,0.996922223
51,2032,1,1,0.003077777
51,2032,2,1,0.996922223
51,2033,1,1,0.003077777
51,2033,2,1,0.996922223
51,2034,1,1,0.003077777
51,2034,2,1,0.996922223
51,2035,1,1,0.003077777
51,2035,2,1,0.996922223
51,2036,1,1,0.003077777
51,2036,2,1,0.996922223
51,2037,1,1,0.003077777
51,2037,2,1,0.996922223
51,2038,1,1,0.003077777
51,2038,2,1,0.996922223
51,2039,1,1,0.003077777
51,2039,2,1,0.996922223
51,2040,1,1,0.003077777
51,2040,2,1,0.996922223
51,2041,1,1,0.003077777
51,2041,2,1,0.996922223
51,2042,1,1,0.003077777
51,2042,2,1,0.996922223
51,2043,1,1,0.003077777
51,2043,2,1,0.996922223
51,2044,1,1,0.003077777
51,2044,2,1,0.996922223
51,2045,1,1,0.003077777
51,2045,2,1,0.996922223
51,2046,1,1,0.003077777
51,2046,2,1,0.996922223
51,2047,1,1,0.003077777
51,2047,2,1,0.996922223
51,2048,1,1,0.003077777
51,2048,2,1,0.996922223
51,2049,1,1,0.003077777
51,2049,2,1,0.996922223
51,2050,1,1,0.003077777
51,2050,2,1,0.996922223
52,1960,1,1,0.99
52,1960,2,1,0.01
52,1961,1,1,0.99
52,1961,2,1,0.01
52,1962,1,1,0.99
52,1962,2,1,0.01
52,1963,1,1,0.99
52,1963,2,1,0.01
52,1964,1,1,0.99
52,1964,2,1,0.01
52,1965,1,1,0.99
52,1965,2,1,0.01
52,1966,1,1,0.99
52,1966,2,1,0.01
52,1967,1,1,0.99
52,1967,2,1,0.01
52,1968,1,1,0.99
52,1968,2,1,0.01
52,1969,1,1,0.989999999
52,1969,2,1,0.010000001
52,1970,1,1,0.989999996
52,1970,2,1,0.010000004
52,1971,1,1,0.970499994
52,1971,2,1,0.029500006
52,1972,1,1,0.940999998
52,1972,2,1,0.059000002
52,1973,1,1,0.911499915
52,1973,2,1,0.088500085
52,1974,1,1,0.881999949
52,1974,2,1,0.118000051
52,1975,1,1,0.85250001
52,1975,2,1,0.14749999
52,1976,1,1,0.822999927
52,1976,2,1,0.177000073
52,1977,1,1,0.79349986
52,1977,2,1,0.20650014
52,1978,1,1,0.764000049
52,1978,2,1,0.235999951
52,1979,1,1,0.734499997
52,1979,2,1,0.265500003
52,1980,1,1,0.704999987
52,1980,2,1,0.295000013
52,1981,1,1,0.675499986
52,1981,2,1,0.324500014
52,1982,1,1,0.499494126
52,1982,2,1,0.500505874
52,1983,1,1,0.541988589
52,1983,2,1,0.458011411
52,1984,1,1,0.461250959
52,1984,2,1,0.538749041
52,1985,1,1,0.458800613
52,1985,2,1,0.541199387
52,1986,1,1,0.510575848
52,1986,2,1,0.489424152
52,1987,1,1,0.458184387
52,1987,2,1,0.541815613
52,1988,1,1,0.442153621
52,1988,2,1,0.557846379
52,1989,1,1,0.422129912
52,1989,2,1,0.577870088
52,1990,1,1,0.381803784
52,1990,2,1,0.618196216
52,1991,1,1,0.379169735
52,1991,2,1,0.620830265
52,1992,1,1,0.424460778
52,1992,2,1,0.575539222
52,1993,1,1,0.36633746
52,1993,2,1,0.63366254
52,1994,1,1,0.372367066
52,1994,2,1,0.627632934
52,1995,1,1,0.353589763
52,1995,2,1,0.646410237
52,1996,1,1,0.35618607
52,1996,2,1,0.64381393
52,1997,1,1,0.39923401
52,1997,2,1,0.60076599
52,1998,1,1,0.295053819
52,1998,2,1,0.704946181
52,1999,1,1,0.363028729
52,1999,2,1,0.636971271
52,2000,1,1,0.303006016
52,2000,2,1,0.696993984
52,2001,1,1,0.284816537
52,2001,2,1,0.715183463
52,2002,1,1,0.382726317
52,2002,2,1,0.617273683
52,2003,1,1,0.342992739
52,2003,2,1,0.657007261
52,2004,1,1,0.338666054
52,2004,2,1,0.661333946
52,2005,1,1,0.238571198
52,2005,2,1,0.761428802
52,2006,1,1,0.261108418
52,2006,2,1,0.738891582
52,2007,1,1,0.194307705
52,2007,2,1,0.805692295
52,2008,1,1,0.275065957
52,2008,2,1,0.724934043
52,2009,1,1,0.294445863
52,2009,2,1,0.705554137
52,2010,1,1,0.349688057
52,2010,2,1,0.650311943
52,2011,1,1,0.322511051
52,2011,2,1,0.677488949
52,2012,1,1,0.322511051
52,2012,2,1,0.677488949
52,2013,1,1,0.322511051
52,2013,2,1,0.677488949
52,2014,1,1,0.322511051
52,2014,2,1,0.677488949
52,2015,1,1,0.322511051
52,2015,2,1,0.677488949
52,2016,1,1,0.322511051
52,2016,2,1,0.677488949
52,2017,1,1,0.322511051
52,2017,2,1,0.677488949
52,2018,1,1,0.322511051
52,2018,2,1,0.677488949
52,2019,1,1,0.322511051
52,2019,2,1,0.677488949
52,2020,1,1,0.322511051
52,2020,2,1,0.677488949
52,2021,1,1,0.322511051
52,2021,2,1,0.677488949
52,2022,1,1,0.322511051
52,2022,2,1,0.677488949
52,2023,1,1,0.322511051
52,2023,2,1,0.677488949
52,2024,1,1,0.322511051
52,2024,2,1,0.677488949
52,2025,1,1,0.322511051
52,2025,2,1,0.677488949
52,2026,1,1,0.322511051
52,2026,2,1,0.677488949
52,2027,1,1,0.322511051
52,2027,2,1,0.677488949
52,2028,1,1,0.322511051
52,2028,2,1,0.677488949
52,2029,1,1,0.322511051
52,2029,2,1,0.677488949
52,2030,1,1,0.322511051
52,2030,2,1,0.677488949
52,2031,1,1,0.322511051
52,2031,2,1,0.677488949
52,2032,1,1,0.322511051
52,2032,2,1,0.677488949
52,2033,1,1,0.322511051
52,2033,2,1,0.677488949
52,2034,1,1,0.322511051
52,2034,2,1,0.677488949
52,2035,1,1,0.322511051
52,2035,2,1,0.677488949
52,2036,1,1,0.322511051
52,2036,2,1,0.677488949
52,2037,1,1,0.322511051
52,2037,2,1,0.677488949
52,2038,1,1,0.322511051
52,2038,2,1,0.677488949
52,2039,1,1,0.322511051
52,2039,2,1,0.677488949
52,2040,1,1,0.322511051
52,2040,2,1,0.677488949
52,2041,1,1,0.322511051
52,2041,2,1,0.677488949
52,2042,1,1,0.322511051
52,2042,2,1,0.677488949
52,2043,1,1,0.322511051
52,2043,2,1,0.677488949
52,2044,1,1,0.322511051
52,2044,2,1,0.677488949
52,2045,1,1,0.322511051
52,2045,2,1,0.677488949
52,2046,1,1,0.322511051
52,2046,2,1,0.677488949
52,2047,1,1,0.322511051
52,2047,2,1,0.677488949
52,2048,1,1,0.322511051
52,2048,2,1,0.677488949
52,2049,1,1,0.322511051
52,2049,2,1,0.677488949
52,2050,1,1,0.322511051
52,2050,2,1,0.677488949
53,1960,1,1,0.99
53,1960,2,1,0.01
53,1961,1,1,0.99
53,1961,2,1,0.01
53,1962,1,1,0.99
53,1962,2,1,0.01
53,1963,1,1,0.99
53,1963,2,1,0.01
53,1964,1,1,0.99
53,1964,2,1,0.01
53,1965,1,1,0.99
53,1965,2,1,0.01
53,1966,1,1,0.99
53,1966,2,1,0.01
53,1967,1,1,0.990000004
53,1967,2,1,0.009999996
53,1968,1,1,0.99
53,1968,2,1,0.01
53,1969,1,1,0.989999999
53,1969,2,1,0.010000001
53,1970,1,1,0.989999996
53,1970,2,1,0.010000004
53,1971,1,1,0.970499994
53,1971,2,1,0.029500006
53,1972,1,1,0.941000051
53,1972,2,1,0.058999949
53,1973,1,1,0.911499915
53,1973,2,1,0.088500085
53,1974,1,1,0.881999949
53,1974,2,1,0.118000051
53,1975,1,1,0.852500025
53,1975,2,1,0.147499975
53,1976,1,1,0.822999927
53,1976,2,1,0.177000073
53,1977,1,1,0.79349986
53,1977,2,1,0.20650014
53,1978,1,1,0.764000113
53,1978,2,1,0.235999887
53,1979,1,1,0.734499997
53,1979,2,1,0.265500003
53,1980,1,1,0.704999987
53,1980,2,1,0.295000013
53,1981,1,1,0.675499986
53,1981,2,1,0.324500014
53,1982,1,1,0.350285304
53,1982,2,1,0.649714696
53,1983,1,1,0.378829347
53,1983,2,1,0.621170653
53,1984,1,1,0.30983972
53,1984,2,1,0.69016028
53,1985,1,1,0.309613034
53,1985,2,1,0.690386966
53,1986,1,1,0.346885986
53,1986,2,1,0.653114014
53,1987,1,1,0.115205751
53,1987,2,1,0.884794249
53,1988,1,1,0.123324463
53,1988,2,1,0.876675537
53,1989,1,1,0.554987303
53,1989,2,1,0.445012697
53,1990,1,1,0.281610588
53,1990,2,1,0.718389412
53,1991,1,1,0.090717313
53,1991,2,1,0.909282687
53,1992,1,1,0.161377355
53,1992,2,1,0.838622645
53,1993,1,1,0.482768882
53,1993,2,1,0.517231118
53,1994,1,1,0.25004125
53,1994,2,1,0.74995875
53,1995,1,1,0.419722589
53,1995,2,1,0.580277411
53,1996,1,1,0.200636915
53,1996,2,1,0.799363085
53,1997,1,1,0.322846328
53,1997,2,1,0.677153672
53,1998,1,1,0.172724482
53,1998,2,1,0.827275518
53,1999,1,1,0.406476347
53,1999,2,1,0.593523653
53,2000,1,1,0.55691423
53,2000,2,1,0.44308577
53,2001,1,1,0.135443404
53,2001,2,1,0.864556596
53,2002,1,1,0.0000394878
53,2002,2,1,0.999960512
53,2003,1,1,0.000000000000001
53,2003,2,1,1
53,2004,1,1,0.000130635
53,2004,2,1,0.999869365
53,2005,1,1,0.000000000000001
53,2005,2,1,1
53,2006,1,1,0.000000000000001
53,2006,2,1,1
53,2007,1,1,0.000000000000001
53,2007,2,1,1
53,2008,1,1,0.000000000000001
53,2008,2,1,1
53,2009,1,1,0.000000000000001
53,2009,2,1,1
53,2010,1,1,0.000000000000001
53,2010,2,1,1
53,2011,1,1,0.000000000000001
53,2011,2,1,1
53,2012,1,1,0.000000000000001
53,2012,2,1,1
53,2013,1,1,0.000000000000001
53,2013,2,1,1
53,2014,1,1,0.000000000000001
53,2014,2,1,1
53,2015,1,1,0.000000000000001
53,2015,2,1,1
53,2016,1,1,0.000000000000001
53,2016,2,1,1
53,2017,1,1,0.000000000000001
53,2017,2,1,1
53,2018,1,1,0.000000000000001
53,2018,2,1,1
53,2019,1,1,0.000000000000001
53,2019,2,1,1
53,2020,1,1,0.000000000000001
53,2020,2,1,1
53,2021,1,1,0.000000000000001
53,2021,2,1,1
53,2022,1,1,0.000000000000001
53,2022,2,1,1
53,2023,1,1,0.000000000000001
53,2023,2,1,1
53,2024,1,1,0.000000000000001
53,2024,2,1,1
53,2025,1,1,0.000000000000001
53,2025,2,1,1
53,2026,1,1,0.000000000000001
53,2026,2,1,1
53,2027,1,1,0.000000000000001
53,2027,2,1,1
53,2028,1,1,0.000000000000001
53,2028,2,1,1
53,2029,1,1,0.000000000000001
53,2029,2,1,1
53,2030,1,1,0.000000000000001
53,2030,2,1,1
53,2031,1,1,0.000000000000001
53,2031,2,1,1
53,2032,1,1,0.000000000000001
53,2032,2,1,1
53,2033,1,1,0.000000000000001
53,2033,2,1,1
53,2034,1,1,0.000000000000001
53,2034,2,1,1
53,2035,1,1,0.000000000000001
53,2035,2,1,1
53,2036,1,1,0.000000000000001
53,2036,2,1,1
53,2037,1,1,0.000000000000001
53,2037,2,1,1
53,2038,1,1,0.000000000000001
53,2038,2,1,1
53,2039,1,1,0.000000000000001
53,2039,2,1,1
53,2040,1,1,0.000000000000001
53,2040,2,1,1
53,2041,1,1,0.000000000000001
53,2041,2,1,1
53,2042,1,1,0.000000000000001
53,2042,2,1,1
53,2043,1,1,0.000000000000001
53,2043,2,1,1
53,2044,1,1,0.000000000000001
53,2044,2,1,1
53,2045,1,1,0.000000000000001
53,2045,2,1,1
53,2046,1,1,0.000000000000001
53,2046,2,1,1
53,2047,1,1,0.000000000000001
53,2047,2,1,1
53,2048,1,1,0.000000000000001
53,2048,2,1,1
53,2049,1,1,0.000000000000001
53,2049,2,1,1
53,2050,1,1,0.000000000000001
53,2050,2,1,1
54,1960,1,1,0.848739496
54,1960,2,1,0.151260504
54,1961,1,1,0.848739496
54,1961,2,1,0.151260504
54,1962,1,1,0.848739496
54,1962,2,1,0.151260504
54,1963,1,1,0.848739496
54,1963,2,1,0.151260504
54,1964,1,1,0.848739496
54,1964,2,1,0.151260504
54,1965,1,1,0.848739496
54,1965,2,1,0.151260504
54,1966,1,1,0.848739496
54,1966,2,1,0.151260504
54,1967,1,1,0.848739496
54,1967,2,1,0.151260504
54,1968,1,1,0.848739496
54,1968,2,1,0.151260504
54,1969,1,1,0.848739496
54,1969,2,1,0.151260504
54,1970,1,1,0.848739496
54,1970,2,1,0.151260504
54,1971,1,1,0.848739496
54,1971,2,1,0.151260504
54,1972,1,1,0.848739496
54,1972,2,1,0.151260504
54,1973,1,1,0.848739496
54,1973,2,1,0.151260504
54,1974,1,1,0.848739496
54,1974,2,1,0.151260504
54,1975,1,1,0.848739496
54,1975,2,1,0.151260504
54,1976,1,1,0.848739496
54,1976,2,1,0.151260504
54,1977,1,1,0.848739496
54,1977,2,1,0.151260504
54,1978,1,1,0.848739496
54,1978,2,1,0.151260504
54,1979,1,1,0.848739496
54,1979,2,1,0.151260504
54,1980,1,1,0.848739496
54,1980,2,1,0.151260504
54,1981,1,1,0.849814126
54,1981,2,1,0.150185874
54,1982,1,1,0.850132897
54,1982,2,1,0.149867103
54,1983,1,1,0.850041327
54,1983,2,1,0.149958673
54,1984,1,1,0.85001547
54,1984,2,1,0.14998453
54,1985,1,1,0.850011645
54,1985,2,1,0.149988355
54,1986,1,1,0.849983515
54,1986,2,1,0.150016485
54,1987,1,1,0.849953917
54,1987,2,1,0.150046083
54,1988,1,1,0.849982183
54,1988,2,1,0.150017817
54,1989,1,1,0.849986832
54,1989,2,1,0.150013168
54,1990,1,1,0.850003404
54,1990,2,1,0.149996596
54,1991,1,1,0.849919743
54,1991,2,1,0.150080257
54,1992,1,1,0.849950249
54,1992,2,1,0.150049751
54,1993,1,1,0.849956332
54,1993,2,1,0.150043668
54,1994,1,1,0.820010418
54,1994,2,1,0.179989582
54,1995,1,1,0.790014909
54,1995,2,1,0.209985091
54,1996,1,1,0.770037955
54,1996,2,1,0.229962045
54,1997,1,1,0.740003912
54,1997,2,1,0.259996088
54,1998,1,1,0.710002151
54,1998,2,1,0.289997849
54,1999,1,1,0.68001214
54,1999,2,1,0.31998786
54,2000,1,1,0.660009416
54,2000,2,1,0.339990584
54,2001,1,1,0.630022424
54,2001,2,1,0.369977576
54,2002,1,1,0.599993979
54,2002,2,1,0.400006021
54,2003,1,1,0.590015011
54,2003,2,1,0.409984989
54,2004,1,1,0.569993684
54,2004,2,1,0.430006316
54,2005,1,1,0.559996131
54,2005,2,1,0.440003869
54,2006,1,1,0.539997448
54,2006,2,1,0.460002552
54,2007,1,1,0.530019285
54,2007,2,1,0.469980715
54,2008,1,1,0.509992345
54,2008,2,1,0.490007655
54,2009,1,1,0.5
54,2009,2,1,0.5
54,2010,1,1,0.5
54,2010,2,1,0.5
54,2011,1,1,0.5
54,2011,2,1,0.5
54,2012,1,1,0.5
54,2012,2,1,0.5
54,2013,1,1,0.5
54,2013,2,1,0.5
54,2014,1,1,0.5
54,2014,2,1,0.5
54,2015,1,1,0.5
54,2015,2,1,0.5
54,2016,1,1,0.5
54,2016,2,1,0.5
54,2017,1,1,0.5
54,2017,2,1,0.5
54,2018,1,1,0.5
54,2018,2,1,0.5
54,2019,1,1,0.5
54,2019,2,1,0.5
54,2020,1,1,0.5
54,2020,2,1,0.5
54,2021,1,1,0.5
54,2021,2,1,0.5
54,2022,1,1,0.5
54,2022,2,1,0.5
54,2023,1,1,0.5
54,2023,2,1,0.5
54,2024,1,1,0.5
54,2024,2,1,0.5
54,2025,1,1,0.5
54,2025,2,1,0.5
54,2026,1,1,0.5
54,2026,2,1,0.5
54,2027,1,1,0.5
54,2027,2,1,0.5
54,2028,1,1,0.5
54,2028,2,1,0.5
54,2029,1,1,0.5
54,2029,2,1,0.5
54,2030,1,1,0.5
54,2030,2,1,0.5
54,2031,1,1,0.5
54,2031,2,1,0.5
54,2032,1,1,0.5
54,2032,2,1,0.5
54,2033,1,1,0.5
54,2033,2,1,0.5
54,2034,1,1,0.5
54,2034,2,1,0.5
54,2035,1,1,0.5
54,2035,2,1,0.5
54,2036,1,1,0.5
54,2036,2,1,0.5
54,2037,1,1,0.5
54,2037,2,1,0.5
54,2038,1,1,0.5
54,2038,2,1,0.5
54,2039,1,1,0.5
54,2039,2,1,0.5
54,2040,1,1,0.5
54,2040,2,1,0.5
54,2041,1,1,0.5
54,2041,2,1,0.5
54,2042,1,1,0.5
54,2042,2,1,0.5
54,2043,1,1,0.5
54,2043,2,1,0.5
54,2044,1,1,0.5
54,2044,2,1,0.5
54,2045,1,1,0.5
54,2045,2,1,0.5
54,2046,1,1,0.5
54,2046,2,1,0.5
54,2047,1,1,0.5
54,2047,2,1,0.5
54,2048,1,1,0.5
54,2048,2,1,0.5
54,2049,1,1,0.5
54,2049,2,1,0.5
54,2050,1,1,0.5
54,2050,2,1,0.5
61,1960,1,1,0.085362006
61,1960,2,1,0.914637994
61,1961,1,1,0.085362006
61,1961,2,1,0.914637994
61,1962,1,1,0.085362006
61,1962,2,1,0.914637994
61,1963,1,1,0.085362006
61,1963,2,1,0.914637994
61,1964,1,1,0.085362006
61,1964,2,1,0.914637994
61,1965,1,1,0.085362006
61,1965,2,1,0.914637994
61,1966,1,1,0.085362006
61,1966,2,1,0.914637994
61,1967,1,1,0.085362006
61,1967,2,1,0.914637994
61,1968,1,1,0.085362006
61,1968,2,1,0.914637994
61,1969,1,1,0.085362006
61,1969,2,1,0.914637994
61,1970,1,1,0.085362006
61,1970,2,1,0.914637994
61,1971,1,1,0.085362029
61,1971,2,1,0.914637971
61,1972,1,1,0.085362006
61,1972,2,1,0.914637994
61,1973,1,1,0.085361997
61,1973,2,1,0.914638003
61,1974,1,1,0.085362008
61,1974,2,1,0.914637992
61,1975,1,1,0.085361983
61,1975,2,1,0.914638017
61,1976,1,1,0.085362004
61,1976,2,1,0.914637996
61,1977,1,1,0.085362006
61,1977,2,1,0.914637994
61,1978,1,1,0.085362004
61,1978,2,1,0.914637996
61,1979,1,1,0.085362008
61,1979,2,1,0.914637992
61,1980,1,1,0.085361971
61,1980,2,1,0.914638029
61,1981,1,1,0.085362004
61,1981,2,1,0.914637996
61,1982,1,1,0.01228148
61,1982,2,1,0.98771852
61,1983,1,1,0.012063719
61,1983,2,1,0.987936281
61,1984,1,1,0.005224204
61,1984,2,1,0.994775796
61,1985,1,1,0.004996816
61,1985,2,1,0.995003184
61,1986,1,1,0.006093059
61,1986,2,1,0.993906941
61,1987,1,1,0.003703382
61,1987,2,1,0.996296618
61,1988,1,1,0.003399672
61,1988,2,1,0.996600328
61,1989,1,1,0.006022582
61,1989,2,1,0.993977418
61,1990,1,1,0.000000000000001
61,1990,2,1,1
61,1991,1,1,0.000000000000001
61,1991,2,1,1
61,1992,1,1,0.00375897
61,1992,2,1,0.99624103
61,1993,1,1,0.002892
61,1993,2,1,0.997108
61,1994,1,1,0.000000000000001
61,1994,2,1,1
61,1995,1,1,0.001457095
61,1995,2,1,0.998542905
61,1996,1,1,0.000000000000001
61,1996,2,1,1
61,1997,1,1,0.00000204843
61,1997,2,1,0.999997952
61,1998,1,1,0.000000000000001
61,1998,2,1,1
61,1999,1,1,0.00000477995
61,1999,2,1,0.99999522
61,2000,1,1,0.000017141
61,2000,2,1,0.999982859
61,2001,1,1,0.0000381888
61,2001,2,1,0.999961811
61,2002,1,1,0.0000192299
61,2002,2,1,0.99998077
61,2003,1,1,0.000000000000001
61,2003,2,1,1
61,2004,1,1,0.0000615819
61,2004,2,1,0.999938418
61,2005,1,1,0.000000000000001
61,2005,2,1,1
61,2006,1,1,0.000000000000001
61,2006,2,1,1
61,2007,1,1,0.000000000000001
61,2007,2,1,1
61,2008,1,1,0.000000000000001
61,2008,2,1,1
61,2009,1,1,0.000000000000001
61,2009,2,1,1
61,2010,1,1,0.000000000000001
61,2010,2,1,1
61,2011,1,1,0.000000000000001
61,2011,2,1,1
61,2012,1,1,0.000000000000001
61,2012,2,1,1
61,2013,1,1,0.000000000000001
61,2013,2,1,1
61,2014,1,1,0.000000000000001
61,2014,2,1,1
61,2015,1,1,0.000000000000001
61,2015,2,1,1
61,2016,1,1,0.000000000000001
61,2016,2,1,1
61,2017,1,1,0.000000000000001
61,2017,2,1,1
61,2018,1,1,0.000000000000001
61,2018,2,1,1
61,2019,1,1,0.000000000000001
61,2019,2,1,1
61,2020,1,1,0.000000000000001
61,2020,2,1,1
61,2021,1,1,0.000000000000001
61,2021,2,1,1
61,2022,1,1,0.000000000000001
61,2022,2,1,1
61,2023,1,1,0.000000000000001
61,2023,2,1,1
61,2024,1,1,0.000000000000001
61,2024,2,1,1
61,2025,1,1,0.000000000000001
61,2025,2,1,1
61,2026,1,1,0.000000000000001
61,2026,2,1,1
61,2027,1,1,0.000000000000001
61,2027,2,1,1
61,2028,1,1,0.000000000000001
61,2028,2,1,1
61,2029,1,1,0.000000000000001
61,2029,2,1,1
61,2030,1,1,0.000000000000001
61,2030,2,1,1
61,2031,1,1,0.000000000000001
61,2031,2,1,1
61,2032,1,1,0.000000000000001
61,2032,2,1,1
61,2033,1,1,0.000000000000001
61,2033,2,1,1
61,2034,1,1,0.000000000000001
61,2034,2,1,1
61,2035,1,1,0.000000000000001
61,2035,2,1,1
61,2036,1,1,0.000000000000001
61,2036,2,1,1
61,2037,1,1,0.000000000000001
61,2037,2,1,1
61,2038,1,1,0.000000000000001
61,2038,2,1,1
61,2039,1,1,0.000000000000001
61,2039,2,1,1
61,2040,1,1,0.000000000000001
61,2040,2,1,1
61,2041,1,1,0.000000000000001
61,2041,2,1,1
61,2042,1,1,0.000000000000001
61,2042,2,1,1
61,2043,1,1,0.000000000000001
61,2043,2,1,1
61,2044,1,1,0.000000000000001
61,2044,2,1,1
61,2045,1,1,0.000000000000001
61,2045,2,1,1
61,2046,1,1,0.000000000000001
61,2046,2,1,1
61,2047,1,1,0.000000000000001
61,2047,2,1,1
61,2048,1,1,0.000000000000001
61,2048,2,1,1
61,2049,1,1,0.000000000000001
61,2049,2,1,1
61,2050,1,1,0.000000000000001
61,2050,2,1,1
62,1960,2,1,1
62,1961,2,1,1
62,1962,2,1,1
62,1963,2,1,1
62,1964,2,1,1
62,1965,2,1,1
62,1966,2,1,1
62,1967,2,1,1
62,1968,2,1,1
62,1969,2,1,1
62,1970,2,1,1
62,1971,2,1,1
62,1972,2,1,1
62,1973,2,1,1
62,1974,2,1,1
62,1975,2,1,1
62,1976,2,1,1
62,1977,2,1,1
62,1978,2,1,1
62,1979,2,1,1
62,1980,2,1,1
62,1981,2,1,1
62,1982,2,1,1
62,1983,2,1,1
62,1984,2,1,1
62,1985,2,1,1
62,1986,2,1,1
62,1987,2,1,1
62,1988,2,1,1
62,1989,2,1,1
62,1990,2,1,1
62,1991,2,1,1
62,1992,2,1,1
62,1993,2,1,1
62,1994,2,1,1
62,1995,2,1,1
62,1996,2,1,1
62,1997,2,1,1
62,1998,2,1,1
62,1999,2,1,1
62,2000,2,1,1
62,2001,2,1,1
62,2002,2,1,1
62,2003,2,1,1
62,2004,2,1,1
62,2005,2,1,1
62,2006,2,1,1
62,2007,2,1,1
62,2008,2,1,1
62,2009,2,1,1
62,2010,2,1,1
62,2011,2,1,1
62,2012,2,1,1
62,2013,2,1,1
62,2014,2,1,1
62,2015,2,1,1
62,2016,2,1,1
62,2017,2,1,1
62,2018,2,1,1
62,2019,2,1,1
62,2020,2,1,1
62,2021,2,1,1
62,2022,2,1,1
62,2023,2,1,1
62,2024,2,1,1
62,2025,2,1,1
62,2026,2,1,1
62,2027,2,1,1
62,2028,2,1,1
62,2029,2,1,1
62,2030,2,1,1
62,2031,2,1,1
62,2032,2,1,1
62,2033,2,1,1
62,2034,2,1,1
62,2035,2,1,1
62,2036,2,1,1
62,2037,2,1,1
62,2038,2,1,1
62,2039,2,1,1
62,2040,2,1,1
62,2041,2,1,1
62,2042,2,1,1
62,2043,2,1,1
62,2044,2,1,1
62,2045,2,1,1
62,2046,2,1,1
62,2047,2,1,1
62,2048,2,1,1
62,2049,2,1,1
62,2050,2,1,1
